{"cameraMode":{"drawMode":0,"name":"Shaded","section":"Shading Mode"},"sceneLighting":false,"audioPlay":false,"sceneViewState":{"m_AlwaysRefresh":false,"showFog":true,"showSkybox":false,"showFlares":true,"showImageEffects":true,"showParticleSystems":true,"showVisualEffectGraphs":true,"m_FxEnabled":true},"in2DMode":false,"pivot":{"x":16.146215438842775,"y":4.768298625946045,"z":-4.826621055603027},"rotation":{"x":0.24309532344341279,"y":-0.05787505954504013,"z":0.014548021368682385,"w":0.9681825637817383},"size":0.8660253882408142,"orthographic":false}