{"cameraMode":{"drawMode":0,"name":"Shaded","section":"Shading Mode"},"sceneLighting":true,"audioPlay":false,"sceneViewState":{"m_AlwaysRefresh":false,"showFog":true,"showSkybox":true,"showFlares":true,"showImageEffects":true,"showParticleSystems":true,"showVisualEffectGraphs":true,"m_FxEnabled":true},"in2DMode":false,"pivot":{"x":1.0505279302597047,"y":11.994985580444336,"z":-4.280381679534912},"rotation":{"x":0.5486500263214111,"y":0.010024861432611943,"z":-0.006584696006029844,"w":0.8359416127204895},"size":5.611405849456787,"orthographic":false}