{"cameraMode":{"drawMode":0,"name":"Shaded","section":"Shading Mode"},"sceneLighting":false,"audioPlay":false,"sceneViewState":{"m_AlwaysRefresh":false,"showFog":true,"showSkybox":false,"showFlares":true,"showImageEffects":true,"showParticleSystems":true,"showVisualEffectGraphs":true,"m_FxEnabled":true},"in2DMode":false,"pivot":{"x":-0.14117084443569184,"y":3.268651247024536,"z":-0.0932949036359787},"rotation":{"x":-0.0010638399980962277,"y":-0.7049814462661743,"z":-0.0010574688203632832,"w":0.7092240452766419},"size":0.5663785338401794,"orthographic":true}