{"cameraMode":{"drawMode":0,"name":"Shaded","section":"Shading Mode"},"sceneLighting":true,"audioPlay":false,"sceneViewState":{"m_AlwaysRefresh":false,"showFog":true,"showSkybox":true,"showFlares":true,"showImageEffects":true,"showParticleSystems":true,"showVisualEffectGraphs":true,"m_FxEnabled":true},"in2DMode":false,"pivot":{"x":-2.1182308197021486,"y":6.544703960418701,"z":-2.3575825691223146},"rotation":{"x":0.07178927958011627,"y":-0.9276413917541504,"z":0.24181251227855683,"w":0.2753984332084656},"size":0.8660253882408142,"orthographic":false}