{"cameraMode":{"drawMode":0,"name":"Shaded","section":"Shading Mode"},"sceneLighting":true,"audioPlay":false,"sceneViewState":{"m_AlwaysRefresh":false,"showFog":true,"showSkybox":true,"showFlares":true,"showImageEffects":true,"showParticleSystems":true,"showVisualEffectGraphs":true,"m_FxEnabled":true},"in2DMode":false,"pivot":{"x":-10.0756254196167,"y":31.829769134521486,"z":-27.414945602416993},"rotation":{"x":0.24436284601688386,"y":0.004519971553236246,"z":-0.00047661285498179495,"w":0.969527006149292},"size":0.8660253882408142,"orthographic":false}