{"cameraMode":{"drawMode":0,"name":"Shaded","section":"Shading Mode"},"sceneLighting":true,"audioPlay":false,"sceneViewState":{"m_AlwaysRefresh":false,"showFog":true,"showSkybox":true,"showFlares":true,"showImageEffects":true,"showParticleSystems":true,"showVisualEffectGraphs":true,"m_FxEnabled":true},"in2DMode":false,"pivot":{"x":35.48710632324219,"y":-28.833478927612306,"z":-17.368886947631837},"rotation":{"x":0.10854090750217438,"y":0.8565762639045715,"z":-0.20092026889324189,"w":0.4627307057380676},"size":54.591346740722659,"orthographic":false}