{"cameraMode":{"drawMode":0,"name":"Shaded","section":"Shading Mode"},"sceneLighting":true,"audioPlay":false,"sceneViewState":{"m_AlwaysRefresh":false,"showFog":true,"showSkybox":true,"showFlares":true,"showImageEffects":true,"showParticleSystems":true,"showVisualEffectGraphs":true,"m_FxEnabled":true},"in2DMode":false,"pivot":{"x":-1.8813340663909913,"y":6.758803844451904,"z":-1.3617161512374879},"rotation":{"x":-0.13762953877449037,"y":-0.8057620525360107,"z":0.20617280900478364,"w":-0.5378720164299011},"size":0.8660253882408142,"orthographic":false}