{"cameraMode":{"drawMode":0,"name":"Shaded","section":"Shading Mode"},"sceneLighting":true,"audioPlay":false,"sceneViewState":{"m_AlwaysRefresh":false,"showFog":true,"showSkybox":true,"showFlares":true,"showImageEffects":true,"showParticleSystems":true,"showVisualEffectGraphs":true,"m_FxEnabled":true},"in2DMode":false,"pivot":{"x":3.2189793586730959,"y":8.626955032348633,"z":5.752770900726318},"rotation":{"x":-0.013445405289530754,"y":0.0893096923828125,"z":-0.0012174244038760663,"w":-0.9959132075309753},"size":0.8660253882408142,"orthographic":false}