{"cameraMode":{"drawMode":0,"name":"Shaded","section":"Shading Mode"},"sceneLighting":true,"audioPlay":false,"sceneViewState":{"m_AlwaysRefresh":false,"showFog":true,"showSkybox":true,"showFlares":true,"showImageEffects":true,"showParticleSystems":true,"showVisualEffectGraphs":true,"m_FxEnabled":true},"in2DMode":false,"pivot":{"x":2.916147232055664,"y":7.3162760734558109,"z":3.6839547157287599},"rotation":{"x":-0.05085519701242447,"y":-0.8858911395072937,"z":0.10008396208286286,"w":-0.4501160681247711},"size":0.8660253882408142,"orthographic":false}