{"cameraMode":{"drawMode":0,"name":"Shaded","section":"Shading Mode"},"sceneLighting":true,"audioPlay":false,"sceneViewState":{"m_AlwaysRefresh":false,"showFog":true,"showSkybox":true,"showFlares":true,"showImageEffects":true,"showParticleSystems":true,"showVisualEffectGraphs":true,"m_FxEnabled":true},"in2DMode":false,"pivot":{"x":552.1885375976563,"y":253.00189208984376,"z":517.8534545898438},"rotation":{"x":0.028173524886369706,"y":0.004467112943530083,"z":-0.00036342485691420734,"w":0.9995050430297852},"size":611.7667236328125,"orthographic":false}